event_id,lake_area_km2,lake_growth_pct_yr,dam_type,headwall_slope_deg,glacier_area_km2,precip_anomaly_pct,temp_anomaly_c,downstream_exposure,label,provenance
NP-RASUWA-2026,0.11,120.0,2,55.0,4.6,-30.0,2.0,0.88,1,documented
IN-KEDARNATH-2013,0.04,40.0,1,45.0,6.6,375.0,1.5,0.95,1,documented
IN-SLHONAK-2023,1.68,9.0,1,45.0,6.9,210.0,2.5,0.8,1,documented
NP-RASUWA-2025,0.09,90.0,2,52.0,4.6,60.0,1.8,0.7,1,literature
IN-CHAMOLI-2021,0.0,0.0,2,60.0,3.5,-20.0,1.2,0.75,1,literature
NP-DIGTSHO-1985,0.6,12.0,1,40.0,5.2,30.0,1.0,0.45,1,literature
NP-TAMPOKHARI-1998,0.45,10.0,1,42.0,4.0,45.0,0.9,0.4,1,literature
NP-SETI-2012,0.0,0.0,2,58.0,2.8,25.0,1.4,0.65,1,literature
NP-BHOTEKOSHI-2016,0.14,25.0,1,44.0,3.2,70.0,1.6,0.68,1,literature
CN-CIRENMACO-1981,0.4,14.0,1,46.0,4.8,40.0,1.1,0.55,1,literature
CN-ZHANGZANGBO-1981,0.3,13.0,1,45.0,4.1,35.0,1.0,0.52,1,literature
BT-LUGGYE-1994,1.1,11.0,1,38.0,6.0,20.0,0.8,0.6,1,literature
PK-SHISPER-2019,0.25,60.0,2,50.0,8.0,10.0,1.7,0.62,1,literature
PK-KHURDOPIN-2017,0.2,55.0,2,48.0,7.5,5.0,1.5,0.5,1,literature
IN-GYA-2014,0.05,20.0,1,43.0,1.2,120.0,1.3,0.35,1,literature
NP-BARUNTSE-2017,0.18,18.0,1,41.0,3.0,55.0,1.1,0.3,1,literature
CN-JIALONG-2002,0.22,16.0,1,47.0,3.6,50.0,1.2,0.48,1,literature
NP-HUMLA-2025,0.03,35.0,1,49.0,1.8,-10.0,1.6,0.25,1,literature
IN-SOUTHLHONAK-PRE,1.35,8.0,1,44.0,6.9,15.0,1.9,0.78,0,literature
NP-IMJA-STABLE,1.28,4.5,1,30.0,5.4,12.0,1.6,0.55,0,literature
NP-TSHOROLPA-STABLE,1.55,3.0,1,33.0,6.8,10.0,1.5,0.58,0,literature
NP-THULAGI-STABLE,0.94,3.5,1,32.0,5.0,8.0,1.4,0.45,0,literature
BT-THORTHORMI-STABLE,1.2,5.0,1,34.0,6.2,9.0,1.3,0.5,0,literature
IN-SAMITI-STABLE,0.08,1.5,0,22.0,0.9,5.0,1.1,0.2,0,literature
IN-GURUDONGMAR-STABLE,1.18,1.0,0,18.0,2.2,4.0,1.2,0.18,0,literature
IN-TSOMGO-STABLE,0.25,0.5,0,20.0,0.0,6.0,1.3,0.3,0,literature
NP-GOKYO-STABLE,0.43,1.2,0,24.0,4.2,7.0,1.4,0.28,0,literature
IN-ROOPKUND-STABLE,0.01,0.8,0,26.0,0.0,9.0,1.0,0.1,0,literature
IN-CHANDRATAL-STABLE,0.49,1.0,0,21.0,1.5,3.0,1.2,0.22,0,literature
NP-PANCHPOKHARI-STABLE,0.12,1.4,0,25.0,0.6,8.0,1.1,0.15,0,literature
SAMP-POS-000,0.5296499450851626,12.886218725348288,2,26.82395545290109,6.595538223613032,150.12829822221,1.5008992785405135,0.02,1,sampled
SAMP-POS-001,0.33361651559294436,12.156179973753412,0,54.390470281082784,6.172077013011888,100.27271013990048,0.6898460617337887,0.45859429309309147,1,sampled
SAMP-POS-002,0.33310596531825104,15.6609315071525,1,52.683332609537565,9.207276361847752,88.84758795268911,0.17545332684850368,0.6849153176356327,0,sampled
SAMP-POS-003,0.4666121118347614,31.189025252239443,1,40.58413870297607,7.277882742583101,99.601155354019,0.9180154572980939,0.3759330286442065,1,sampled
SAMP-POS-004,1.1116246868750983,10.767091031746062,1,44.97219880012264,4.738571407002091,141.48237531477486,1.3558393410544964,0.3338478871894348,1,sampled
SAMP-POS-005,0.1450758003904278,7.902811121268621,1,12.0,3.9637144089515353,29.102661241701995,-0.2,0.44475497597645547,1,sampled
SAMP-POS-006,0.22566768491828398,4.177473921485513,2,33.027608451011496,7.33095577642767,-50.172435835016216,1.465571354255797,0.5938330089972194,1,sampled
SAMP-POS-007,0.6178048795960319,7.238995115038315,1,51.38021882791048,6.608516222803104,-5.9404776505279955,1.486313394857898,0.2658358738074975,1,sampled
SAMP-POS-008,0.16480815840733648,20.05390795935095,0,12.0,10.020936848148049,53.27625353920138,0.4282591423026074,0.35221177960323663,0,sampled
SAMP-POS-009,0.18896222956638228,8.486374326841911,1,41.644868947031135,7.27279002100634,108.27947394086866,2.544636061865158,0.511580375521498,1,sampled
SAMP-POS-010,0.4632985051203511,3.0599068236218514,0,44.722149953229724,7.439521047888985,-17.273457923289726,1.8160962405657932,0.23942991574371036,1,sampled
SAMP-POS-011,0.5043031421273121,24.007002803055926,1,44.12952653727918,5.17762283333353,43.84038483204528,1.667673268809394,0.2071055634562861,1,sampled
SAMP-POS-012,0.08469928019196395,18.693949692708614,2,28.075052108924027,5.859995317828188,-60.0,0.9306085648198861,0.4554976719687838,1,sampled
SAMP-POS-013,0.15053046212540416,27.553175585215772,1,54.95931377401698,1.9975136137776457,-8.96409108361469,0.4787584607937525,0.17964056018783225,0,sampled
SAMP-POS-014,0.4421198180939922,32.90749475741247,1,40.9850105506913,7.098815894140472,110.46681143499113,0.5456595029028813,0.6102426550590088,0,sampled
SAMP-POS-015,0.10013297290818782,2.743160076728998,0,41.59690411910208,7.197967352653837,117.71358918988237,0.3334404061158096,0.6342649911301164,1,sampled
SAMP-POS-016,1.131330653254345,12.020833168566636,0,42.26390216761736,8.02808731773473,-35.28819908677768,0.9344349084420686,0.2147821570663273,1,sampled
SAMP-POS-017,0.4268140539300226,16.609401936726382,0,37.40700392965719,4.675549445596053,13.764473932700788,1.8337550308523258,0.4981210122312374,1,sampled
SAMP-POS-018,0.2908608382513844,0.0,0,41.35175703499778,6.366594204246773,33.882429245738464,0.7405602668468245,0.41920803840790305,1,sampled
SAMP-POS-019,0.3481133671397287,11.084201667380679,1,59.892700728167334,8.330047561265644,48.667830608663216,1.8526957979784549,0.4322445137013318,1,sampled
SAMP-POS-020,1.6178049423563985,8.182084949556277,2,65.24412612309428,6.482365059380921,42.90640031812474,1.2825252989086555,0.721911098225235,1,sampled
SAMP-POS-021,0.16006386834496375,27.1786901238152,1,48.903413793553625,6.957692996977123,60.92805094402385,2.1731077802386087,0.5442998364100495,1,sampled
SAMP-POS-022,0.4527667759076284,2.6888334652531043,1,22.9891579147629,4.310409728875729,57.364543782729086,-0.046379097586072726,0.35558905785325545,0,sampled
SAMP-POS-023,0.21322462245586238,42.99299483819945,0,30.682451841988225,1.878793818937282,17.203709359757983,1.356229353861599,0.7886734920713114,1,sampled
SAMP-POS-024,0.16387897700267984,0.0,1,44.46618430761926,4.528458389097167,169.61984349018473,1.4143661277756732,0.3493542404956903,0,sampled
SAMP-POS-025,0.3997618734644035,27.851761418484948,0,37.86378944826614,6.394800350285853,101.70671732526465,1.7428413089320194,0.98,1,sampled
SAMP-POS-026,1.2235940158588539,1.9762257372441336,1,38.176684116726854,0.0,8.345659830841164,1.0942869308654157,0.5414851003162022,0,sampled
SAMP-POS-027,0.33845099753957403,18.141498196460034,1,39.629561832716824,7.6160537918907885,140.52098772515956,2.2217671219386705,0.548984761735108,0,sampled
SAMP-POS-028,0.2385983626623614,23.0633485554944,2,34.10627199572959,4.885181444710815,30.55519177618818,1.314040209922056,0.6984496500158996,1,sampled
SAMP-POS-029,0.6073930866021796,6.798818428747058,0,51.57625456003718,3.4780702138313533,28.978144316605807,2.1609691976970855,0.22550243790693775,1,sampled
SAMP-POS-030,0.14004800227528091,6.491949028593972,0,37.27979853271998,3.6562645620050462,137.162696640908,1.5015424105657675,0.5239446364325657,1,sampled
SAMP-POS-031,0.4075481298221495,13.616876884387516,1,35.91548733626792,1.5780601541611126,7.231197080013118,0.787180150181637,0.6974817844506629,1,sampled
SAMP-POS-032,0.47790281995277545,17.390856473323915,1,25.618699956991307,5.130542568939427,-2.7213066546551232,1.4363492360142125,0.37539056113706787,1,sampled
SAMP-POS-033,0.29835739709955356,0.0,2,17.216916255180223,0.0,-60.0,1.0411149698459334,0.7292978436452048,1,sampled
SAMP-POS-034,0.24111227521732412,7.668482055037281,2,42.308292250632775,2.7882124134346506,58.2508433931271,1.6090046643616849,0.68965601745245,1,sampled
SAMP-POS-035,0.2226494310186015,16.607095321694327,0,35.901160580916546,0.8675007650871964,77.49518161064773,1.176454415934976,0.1874519192465653,1,sampled
SAMP-POS-036,0.7100504971385734,15.231934699623658,1,43.776343775579605,5.610902021891247,60.223966261634736,1.8302510542727237,0.655108552929629,1,sampled
SAMP-POS-037,0.053771358572627416,7.887160681621549,1,24.122626177615487,5.446539729930132,-31.785456168781963,2.478090393599747,0.530469456112642,1,sampled
SAMP-POS-038,0.6124511851888984,27.887617783858193,0,34.61843052788254,0.9102430890878508,92.28281430633257,2.016527008253119,0.755341630600833,1,sampled
SAMP-POS-039,3.2,15.461729582091712,1,45.22737325300844,5.3905107297262,-60.0,1.549028820124842,0.4797016677978024,1,sampled
SAMP-POS-040,2.6211105835551023,10.161281758187496,1,52.93375638513703,8.357839050160825,137.9088761697147,0.9904845267847917,0.02,1,sampled
SAMP-POS-041,0.25844152279337546,6.5184558934868235,1,12.0,2.2527429208523584,3.034615443433104,1.1355398819812135,0.19611255902539504,1,sampled
SAMP-POS-042,0.3507050439091978,21.013610396879383,0,30.181640354679573,4.747684840915987,124.73739422198274,2.0696789513011344,0.8440367856306772,1,sampled
SAMP-POS-043,0.42471369925064184,22.474595742713937,1,57.25806832727987,9.133850732348463,35.96185595552783,1.57779725584243,0.896529748627732,1,sampled
SAMP-POS-044,0.2581610712497512,13.00293862654598,1,22.957976703299344,8.360061246315514,-60.0,1.7863453594660201,0.16933635527427876,0,sampled
SAMP-POS-045,0.45278365104892543,25.815676051430042,1,44.90511331392176,0.5271146388305556,-6.675455682786293,0.5153636246254849,0.5179813194989757,1,sampled
SAMP-POS-046,1.4403035787123843,18.221552307236355,1,26.244140973643958,3.5146145929755965,72.0998688831389,1.8353143334344133,0.2911818651514778,0,sampled
SAMP-POS-047,0.12830317655606377,7.101701280015408,2,26.826470533259915,0.0,32.50825946389802,2.431838699700336,0.8094869424830144,0,sampled
SAMP-POS-048,0.8097291941606612,0.0,2,32.38724840055886,4.910238495764833,24.408330841699918,1.7324500327163863,0.5406579121992904,1,sampled
SAMP-POS-049,0.3630681789068113,9.537415246009436,0,42.422044028926855,2.885428226622584,56.43430046750511,1.001597052117672,0.6008532228523386,0,sampled
SAMP-POS-050,0.14188303395241073,4.942214378774297,2,43.92558608464242,6.5707348112781006,32.052271138952364,1.5445413028177195,0.09498051510917793,1,sampled
SAMP-POS-051,0.7239276467641109,8.685169150499153,1,50.72748246294656,6.501044926510811,-11.361052156871423,1.6960149498508794,0.5267166542341365,1,sampled
SAMP-POS-052,0.6730621549601166,2.399874833187427,1,23.182068044501115,5.383582141951508,-60.0,1.4956157744140857,0.6175202319571551,0,sampled
SAMP-POS-053,0.6473955835137635,23.41184007334335,2,33.095495720467085,3.272140277653679,124.72729644765289,1.197799769556548,0.5386449291738671,1,sampled
SAMP-POS-054,0.09278132933438857,0.0,1,47.789381420214504,6.784602016448328,100.62679549375119,1.0187410822374867,0.5770640883682472,1,sampled
SAMP-POS-055,0.47197920317371284,0.7459939802286097,1,38.743583195295415,8.450909348027139,70.29121549724181,0.8971284422593918,0.3780898188481414,1,sampled
SAMP-POS-056,0.15026236188575512,20.86876359243861,1,35.53028852551616,0.7373031620388155,304.24460234964187,2.4866693504193256,0.5818844781481631,1,sampled
SAMP-POS-057,0.2582981027703282,19.147704727273286,2,52.88803080296781,7.031377360460706,96.02237439247872,1.5875211939758518,0.34407753356758625,1,sampled
SAMP-POS-058,0.13230719196267327,7.907907242144546,2,37.04530763315506,6.53346269459854,133.91081379878227,1.220569008800353,0.48669573341092437,1,sampled
SAMP-POS-059,0.42927357361370566,35.326032784550996,1,34.937485855240865,8.50409374759251,77.53023039482932,0.9419487081859089,0.21288786092050355,1,sampled
SAMP-POS-060,0.6151490371634682,0.0,1,44.72298311999872,8.87197920696546,-60.0,1.2354361775816554,0.40276624949389667,1,sampled
SAMP-POS-061,0.16832344600310944,18.227278769644165,1,53.69152236254609,12.114212687976714,-5.409171555405756,1.009194215452243,0.30699741193703567,1,sampled
SAMP-POS-062,1.4082580741506445,13.32691119645322,2,35.55104969282277,7.330226030652728,68.59731730594368,1.1396066395093483,0.2110448425235803,0,sampled
SAMP-POS-063,0.1512624315244493,19.418449827801666,1,36.55108256218664,7.96702631981746,191.3194328714894,1.6979368004386186,0.5490244558109213,0,sampled
SAMP-POS-064,0.760792480865382,5.954612139756589,1,36.50820659240601,7.874960262626082,-3.463125377058688,2.0181855412347307,0.5231427660440087,1,sampled
SAMP-POS-065,0.7294137464776339,27.139853762235436,1,46.4018377752038,1.4204842705758813,181.3646293038044,2.1112929632731725,0.09860145220537753,0,sampled
SAMP-POS-066,0.200485167447141,3.833227634838769,1,41.459030663021274,6.942545253148361,113.68644486633191,0.9236981209412187,0.6052437977703974,0,sampled
SAMP-POS-067,0.42584858429400624,15.8888416184549,1,23.614242876822715,0.0,35.2846077603609,2.3771472179881536,0.1462029402531952,1,sampled
SAMP-POS-068,0.14070074768669433,20.961421756636177,1,37.98405492598021,3.394103264110278,28.392044052238223,2.0410261863417896,0.15348820794062445,1,sampled
SAMP-POS-069,0.30772589248682675,16.278472316551685,1,24.36497019588937,3.7768906721953077,-48.60488007671697,0.8713148965447317,0.9230547072970152,1,sampled
SAMP-POS-070,0.3579565139855544,18.222674678584216,1,39.6718004342057,9.304477504582646,-60.0,1.0665478865941724,0.7582625698810257,0,sampled
SAMP-POS-071,1.017830280503439,3.492982330396849,2,33.867676789373384,6.588502162642562,46.75006985801207,2.063707844590978,0.709994708278726,1,sampled
SAMP-POS-072,0.220414046975534,11.608323054804128,1,45.21058894846319,2.406138773253223,-60.0,0.8360390667618021,0.5119690447642188,1,sampled
SAMP-POS-073,0.4233085979919064,12.97340771095369,1,30.597266869584118,3.8395187515761418,1.8592029177303928,2.3448247098159483,0.41262649835895765,1,sampled
SAMP-POS-074,0.6818076273984366,0.0,1,42.011902588486066,0.07169229523810294,23.77667017705366,0.9183789031400704,0.484850547744719,0,sampled
SAMP-POS-075,0.048613174938992004,25.945684491890006,0,41.028626988418964,5.10692254993439,-60.0,0.20416671904356654,0.40872723592574367,1,sampled
SAMP-POS-076,1.6430611523160004,17.035288328788283,2,56.8521030838479,3.7245199512676264,-60.0,1.2789566191486106,0.5777215214151368,1,sampled
SAMP-POS-077,2.2154518760563344,17.42025557167065,1,64.28419462061788,8.07370602712203,8.491150326316223,1.4725618372503424,0.5991908508370417,1,sampled
SAMP-POS-078,0.14773362464466192,7.101631514743641,0,37.51805609776178,4.136579778150145,29.435657598263,2.063055423805712,0.7863985251509066,1,sampled
SAMP-POS-079,0.37586114261368525,25.71297519340545,0,20.7721870380092,8.08847869877254,151.40177661168696,0.3409600663530179,0.5285615974617386,1,sampled
SAMP-POS-080,0.24431318487398657,1.3824597791466697,0,37.95471610544844,4.3241723778807595,-60.0,1.0396608091705253,0.4709900448497554,1,sampled
SAMP-POS-081,0.11831908161960022,24.592623964966325,2,20.176634795528766,6.65086541739648,-30.86831372279549,1.3569751540740347,0.5941730110361644,1,sampled
SAMP-POS-082,0.2342196088461851,4.217582414786042,0,37.03316530118958,3.7619129465870276,-60.0,1.17438473509247,0.11339519435154305,0,sampled
SAMP-POS-083,0.21632635019831845,14.11113784854794,1,46.431973323513255,1.897991428669978,103.29594537561955,2.437174604320543,0.6435086049391752,1,sampled
SAMP-POS-084,0.2287415611270612,0.0,1,12.0,1.6467531426031523,18.175572273629907,1.4610963805609793,0.65662583312092,1,sampled
SAMP-POS-085,0.12454388134208459,16.444338517809552,1,44.97138059183715,6.800028556539816,244.38209344228545,2.161309064333202,0.7225195559432871,1,sampled
SAMP-POS-086,0.5453618085250207,37.90152354761703,1,48.41146443987719,4.478945052428955,-60.0,1.9342380353968176,0.16275034236880725,1,sampled
SAMP-POS-087,0.3495619142557435,23.605254667863235,1,52.41772875514757,3.69266015678915,103.76945700240609,2.0749988501697367,0.6127500834052126,1,sampled
SAMP-POS-088,0.20023042460281354,18.281457422162724,2,39.51524178333331,10.556616699428803,192.84641845895274,1.5662261507751483,0.49664824976401273,1,sampled
SAMP-POS-089,0.10506898345853258,0.0,0,15.906869576281817,8.929634990206253,-5.39595018242985,2.0423290538377543,0.6485221241447277,1,sampled
SAMP-POS-090,0.5843630054756883,35.31003898145679,2,39.85635363281895,7.56040338229052,-60.0,1.946658158004225,0.2975443916461769,1,sampled
SAMP-POS-091,0.9515789833521493,39.73218833504281,1,43.97686865617728,1.83888068724444,-2.7232786184480915,1.5365163210743076,0.42147249051131946,1,sampled
SAMP-POS-092,0.5248902459510799,0.0,1,31.01639366385776,1.6293895035560828,84.9960037067545,0.9479539305526388,0.44336306240561896,1,sampled
SAMP-POS-093,0.7916646061863567,0.0,1,43.37992036694268,6.276946725683795,128.53734131140448,0.7730096805468464,0.4201368780069338,1,sampled
SAMP-POS-094,1.070827704634504,26.687713201684193,1,38.89402881761047,1.153796779171703,37.75893952628777,1.8830213127318478,0.13266314174808247,1,sampled
SAMP-POS-095,0.11728456293374144,44.01369690544386,1,21.29467868086413,7.765144282642469,103.64190418002352,1.9887091981967298,0.3756335539403398,1,sampled
SAMP-POS-096,0.0830043916007533,12.735436716966687,0,36.43353263175487,3.311554443224038,312.1089068334514,0.8982416457325325,0.30266368808580846,1,sampled
SAMP-POS-097,0.7934135294758908,26.22068508733387,1,27.997032465474184,1.6220070042812713,18.585203131826333,1.1916884825901932,0.29840825836206597,1,sampled
SAMP-POS-098,0.1266365706054291,17.004049073131416,2,12.0,1.4354636618118208,64.15169043579544,0.8808219640860272,0.5631659903477289,1,sampled
SAMP-POS-099,0.19967796400631962,19.853627243606944,1,45.295552642563436,0.5463723590082772,-20.2229768074956,1.4289780874966074,0.02,0,sampled
SAMP-POS-100,1.1075191592529177,0.6324554275143157,0,28.841531304946496,1.900143221721673,0.06459041241505759,1.5354429272335643,0.26938782934529776,1,sampled
SAMP-POS-101,0.5744785235146554,24.264610607238197,0,39.40654503822471,6.65214085036159,-31.94753053016082,0.794143137512583,0.6317529673385999,1,sampled
SAMP-POS-102,0.09442871769875337,0.0,1,39.33703909381221,5.813403021598305,-52.491311337433956,1.4146912995768008,0.2848774040716248,1,sampled
SAMP-POS-103,0.17189373211723755,0.0,1,45.544787110840836,7.489750431854828,42.741095511484666,0.8532399074164684,0.40893274741189944,1,sampled
SAMP-POS-104,0.3778623908213492,25.496686682300364,1,36.6102416297373,4.820283834361475,45.91934239082503,-0.2,0.367044098801645,0,sampled
SAMP-POS-105,0.06171703214446422,0.0,2,16.917233594295364,3.9097556391012036,93.1750742462366,0.9274071648618456,0.5419317853112442,1,sampled
SAMP-POS-106,3.2,6.775611160742683,0,15.188436154900817,6.513909249003111,10.752959046978631,1.8581573028027318,0.26697181386023594,0,sampled
SAMP-POS-107,0.4722342934444997,17.984827543542586,1,52.693207597643095,7.424311186521635,233.17341562621914,0.8262103984369024,0.5142370699717037,1,sampled
SAMP-POS-108,0.0820615566353878,16.406464411567654,1,30.638344898786492,5.702882138887983,5.172321507141305,1.0391715340355174,0.31226005311091704,1,sampled
SAMP-POS-109,0.351023559645411,2.4489055852593182,1,44.02109002535551,2.7348483467885223,42.20265757857659,0.31039737609835805,0.08422958644638218,0,sampled
SAMP-POS-110,0.05918398599599529,33.3461687168004,2,53.78254126143744,6.557977466002275,-21.483906092443917,1.1189978823422717,0.1276539213438831,1,sampled
SAMP-POS-111,0.8071555123462666,22.03998551798983,2,58.06173113246078,4.505136000653858,32.42636686802213,0.12275658113264609,0.30999090764204185,1,sampled
SAMP-POS-112,0.22618202975830223,13.878503348994862,1,25.264637313663123,0.0,48.97072786854966,1.8905293011869968,0.7965393887500727,1,sampled
SAMP-POS-113,0.07078651721468264,21.91009191121242,1,56.15447815818972,7.37059630440863,-27.075587214475476,0.4162506985486645,0.4569631072141501,1,sampled
SAMP-POS-114,0.2572552827859001,36.58108573748583,1,39.58656373438116,11.31765760869639,211.07849653713424,2.3934202300463783,0.6415999024133897,0,sampled
SAMP-POS-115,0.08612090029260303,12.913359699359692,1,37.594508570278784,4.621989031337917,17.38275530800627,1.8723830059783761,0.8640975356099938,1,sampled
SAMP-POS-116,0.03006961620520753,7.964429317936126,1,42.83656195391031,5.003743288950111,80.95128459197689,2.0564816165232322,0.32748789391383937,0,sampled
SAMP-POS-117,0.4541504065749286,23.073739514480366,2,43.85221168114614,8.878888665510118,-26.467715387435362,1.3889554203793957,0.43669650293327983,1,sampled
SAMP-POS-118,0.2917502004489351,19.858781853354717,1,47.20041794256136,7.693545259133755,35.75988767163392,0.9080633403685178,0.6394407390109644,1,sampled
SAMP-POS-119,0.7702403028909256,3.133014677588397,1,27.817348364124936,4.127073710949573,-45.08454691508878,2.303697844594428,0.4911455900247116,1,sampled
SAMP-NEG-000,0.6502465543441297,10.692157265224836,1,32.61119220897868,0.44252146661403424,-52.35479544376578,1.3782452597340416,0.434790169963986,0,sampled
SAMP-NEG-001,0.3613312719647886,10.597186575123612,1,37.0101708508458,6.910215441456477,-31.115565129576737,0.7978057204072787,0.2071491234005119,0,sampled
SAMP-NEG-002,0.10393278653992712,12.100988442662757,1,31.47334848052023,6.61386721210846,7.758825476053669,2.357264366810625,0.4150771839352974,0,sampled
SAMP-NEG-003,0.008129413234697942,6.081462406418271,0,15.752569937963809,1.5301837011541615,-53.7399923968141,1.0539377428096213,0.1267979894589748,0,sampled
SAMP-NEG-004,0.4531642062544737,6.434692010833125,0,19.166011628779,1.4595834930549585,-16.540881014288473,1.659016075855332,0.5650135469702864,1,sampled
SAMP-NEG-005,0.34932101052096654,13.554619003425737,1,34.56721971363579,1.3536644209385975,78.903193318598,0.5092211352425464,0.7475725307025249,1,sampled
SAMP-NEG-006,0.148724267639933,0.5733846584145752,1,33.47132103826436,2.120483346217414,-29.578848691407316,1.470030682132947,0.14819313604173537,0,sampled
SAMP-NEG-007,0.069072432185238,12.188055480723726,1,20.408410108918023,7.863363975896055,-21.755975193587346,1.4510352594995441,0.5014337051179182,0,sampled
SAMP-NEG-008,0.0701335045391319,4.96821833459861,1,29.749823105211167,0.0,0.10410595672681566,2.6896371893822595,0.9393344837044668,0,sampled
SAMP-NEG-009,0.8500175500809628,8.776293025513938,1,47.7704795186789,5.263105010913543,60.48489764478293,1.4233226528116614,0.09415013685503748,0,sampled
SAMP-NEG-010,0.10987523215547726,0.0,2,27.824624640308517,3.0472282694592305,53.08022860296087,1.0163986890426542,0.39174632123466174,0,sampled
SAMP-NEG-011,0.1342078590898773,3.342663056500442,1,44.5814339052816,4.043497099913411,-34.80280661184,1.151994531648906,0.6893372682587112,1,sampled
SAMP-NEG-012,1.5373549511667597,3.472746636202808,0,50.79336241065907,7.51450154847547,20.037263153973786,1.1759293168608755,0.4727129237577613,0,sampled
SAMP-NEG-013,0.24453863728094274,3.408494331774774,1,36.068801605020255,0.0,-60.0,-0.15796162365414768,0.5972475696509065,0,sampled
SAMP-NEG-014,1.6283941913133881,7.69044401062841,0,32.41948032391384,9.370886805601351,15.429488048417914,0.8111775400134049,0.347230483082064,1,sampled
SAMP-NEG-015,0.11977791133334072,0.0,2,44.80966349938042,0.0,15.888076335442527,1.5551595553142885,0.5147523247474111,0,sampled
SAMP-NEG-016,0.6784619659132707,4.35114433496593,1,29.923362987277386,7.754261961630883,62.44137230708183,1.2999709960306836,0.10174838115878171,0,sampled
SAMP-NEG-017,0.1311488386695354,0.8862649818094894,1,13.145061757523028,3.7078018663863634,-19.02373751579176,1.7830607929243492,0.3004502764932714,0,sampled
SAMP-NEG-018,0.11050338139080701,3.075694530868596,0,31.56072250256252,0.0,42.70002335343089,0.8394491730218597,0.36311824643475626,0,sampled
SAMP-NEG-019,0.18541684025359498,7.888242095550997,1,23.059362998822785,6.07466614707654,-24.51909843621368,1.8346604975052094,0.1529106079882972,0,sampled
SAMP-NEG-020,0.7243371052186298,21.32446427468323,0,50.43991158067658,3.4414275885191414,144.729186949817,1.547241220753558,0.21032044862758856,0,sampled
SAMP-NEG-021,0.12965830366209244,8.649908472594106,0,39.337148940187966,7.93974539915733,52.441041241875155,1.1510790567812346,0.02,0,sampled
SAMP-NEG-022,0.4178492644034921,8.33791931021674,2,41.64464566258872,2.639259747355224,-60.0,1.850389640705305,0.17660099807215132,0,sampled
SAMP-NEG-023,1.2163634129595928,8.124028785844583,1,8.0,0.7893783902855889,38.59506192643089,1.7964527892558682,0.3789068164603518,1,sampled
SAMP-NEG-024,0.8681447046251335,8.948711953634465,2,39.55026423031725,4.962578214697439,55.115452348652255,1.2143502315947483,0.02,0,sampled
SAMP-NEG-025,0.3061591784277135,11.157293537641149,0,19.55107345923841,9.50995605171438,-0.5969672759940927,1.6095614090820503,0.5594964953009579,0,sampled
SAMP-NEG-026,0.09227725221525447,3.2467938240709833,0,22.088293068656707,6.323696080119932,68.81024312824766,0.7334538346392994,0.5493112921320463,0,sampled
SAMP-NEG-027,0.5389727612021222,16.620573372112027,0,29.560727505324017,0.5831782101232377,35.476875289886664,1.2154307681961622,0.28313521678758624,1,sampled
SAMP-NEG-028,3.0,4.314922691732775,1,40.32779708417728,0.9596872295644516,107.5548324014689,1.3238801240178537,0.45595357009550413,0,sampled
SAMP-NEG-029,0.057020272465984095,8.75733130814486,0,31.100791468616805,6.435171859103267,51.56830360072669,1.3999181949131236,0.5127075191060876,0,sampled
SAMP-NEG-030,1.3058274575723663,1.2739578063194879,2,29.101938516883166,7.202465807883317,26.649299359842733,1.553599260923551,0.6236935325139426,0,sampled
SAMP-NEG-031,0.28477350464581225,0.0,2,30.64600782822264,4.775162122099069,-13.73830529812166,2.1210169887043446,0.14645227991867824,0,sampled
SAMP-NEG-032,0.17438030577785082,9.178461285368819,1,36.42989045470879,5.292881768041641,43.917202830193546,1.194883008220304,0.06726301688646497,0,sampled
SAMP-NEG-033,0.22075508303826757,5.154648897505187,0,49.04324357261473,4.783595345125782,65.69625702451535,0.7328702072939165,0.2535959229830944,0,sampled
SAMP-NEG-034,1.1722704044870556,7.448437699043179,0,24.38252512438778,4.143214470241145,-60.0,1.5618756940819913,0.6247202604288526,1,sampled
SAMP-NEG-035,0.038945184755696825,7.085929362674459,1,34.91733696471118,5.701107781711183,21.7538591428661,0.08249711593322773,0.3451694442510555,0,sampled
SAMP-NEG-036,0.6015355584463715,14.837308514569944,1,21.33222993834496,0.0,12.842098551501712,1.3449341683510463,0.368587192156378,0,sampled
SAMP-NEG-037,0.15696094896226226,3.3140543319472724,0,41.81690202035402,4.729721168091556,-38.779218741300674,0.8891289132536425,0.4825990489863491,0,sampled
SAMP-NEG-038,0.15764311599594388,0.7801326953024414,1,30.938416497140874,1.6019147215624217,19.13939234090138,0.8276843327514016,0.6387317808136432,1,sampled
SAMP-NEG-039,0.5022464035260308,8.674927471534666,0,28.3406862933229,2.3071388480638033,34.301940808130006,0.6774612474602915,0.30057360741420963,0,sampled
SAMP-NEG-040,0.703688960425717,5.086655843305718,1,26.21511371482196,3.663947152841533,-56.76392142864934,1.3470703255084253,0.5702350587381455,0,sampled
SAMP-NEG-041,0.27669736827244495,6.297679274899202,1,32.613790428318175,8.316684619074739,-10.095804175777765,1.4837695205839239,0.3709419915889285,0,sampled
SAMP-NEG-042,0.10185114025751371,5.672077942684105,0,22.431262723727585,3.4326936350374297,100.17860933722106,1.3121315544925627,0.41920826160969177,0,sampled
SAMP-NEG-043,0.12597143733602395,0.3831277393786703,1,44.53093559373938,4.111360706026293,128.20402464173048,0.6488687584552958,0.7754813054640957,0,sampled
SAMP-NEG-044,0.6838603787938297,10.185897247133134,0,22.81613230419667,0.0,52.09943706716062,0.368813237097972,0.1856989374433203,0,sampled
SAMP-NEG-045,0.1667389469755835,6.06234132932681,0,29.396824191470284,3.8584282950508704,-2.908921578665666,1.22510523771207,0.6197771305145731,0,sampled
SAMP-NEG-046,0.19609202231262512,2.850778233197777,1,15.10250193282984,5.414222673116006,107.91608827612394,0.6489167244071344,0.38592864808366817,0,sampled
SAMP-NEG-047,0.6434268049334169,5.418850896141718,0,23.790713105175264,3.870267892934689,34.29711913300164,1.2683828157110908,0.45243851277570757,1,sampled
SAMP-NEG-048,0.09198073439901652,12.750707394078894,1,39.25619635846434,1.3890709340282026,60.21086350418059,0.7307494953121966,0.0919680515327072,0,sampled
SAMP-NEG-049,0.1739940720896474,11.354744413456057,0,27.090006357338694,2.9317165094575595,73.428362831494,1.810018358702433,0.30931239311159014,0,sampled
SAMP-NEG-050,0.32924089577567683,1.8328801562870325,0,35.20590559173626,3.7412029567288934,-59.61490108748286,1.1723082374377445,0.2776676827511194,0,sampled
SAMP-NEG-051,0.28384426700731114,0.10564087310336401,1,28.17356780662311,1.3977437253524938,61.731483917332746,0.7253187838154428,0.22621645434450854,0,sampled
SAMP-NEG-052,0.08154124306276676,1.8214691133390755,0,46.274937735674314,1.57515946319428,46.488831694079785,1.4336523510837271,0.6646287141627525,0,sampled
SAMP-NEG-053,0.44819545829673635,9.478413048605232,0,31.19206684204204,4.081341456904367,17.909430199462943,1.5252846434226373,0.33821071798790636,0,sampled
SAMP-NEG-054,1.283732890290624,13.591199033670428,1,20.054192637822673,2.170264550783528,-36.97020194957075,1.343950567255672,0.264327313126469,0,sampled
SAMP-NEG-055,0.5567373525318469,11.36038846026377,0,23.85268947597207,4.203946805581753,-32.04214311976327,0.8558634242821535,0.42797275760773573,0,sampled
SAMP-NEG-056,0.24757943250099274,1.6527637257289491,1,36.513118860001825,4.738163628082653,-60.0,0.9513209899296908,0.30803728642697753,0,sampled
SAMP-NEG-057,0.06936739775211673,15.452474897576002,1,36.86025601478267,3.4015850730983774,64.49902246946021,1.5775468591006117,0.07622439202098857,0,sampled
SAMP-NEG-058,0.07477823763626862,0.7322363335924535,0,27.693949643843457,6.041076826506612,-60.0,1.0273645726051617,0.2448869165023273,0,sampled
SAMP-NEG-059,1.647616638931397,7.168782910652785,1,36.36570487672103,5.683505198706582,-2.549002984015136,1.2127830145907958,0.5870913832083247,0,sampled
SAMP-NEG-060,0.1123576342970908,3.423084759614055,2,27.86428746730355,3.8181520962021915,-21.34107028015285,1.350421939041387,0.5409546608764912,0,sampled
SAMP-NEG-061,0.655854508168921,0.0,2,39.17494410651618,4.698183950242675,42.620028071065015,1.3377256767982832,0.7087994577183934,1,sampled
SAMP-NEG-062,0.6251517510821291,1.0226962254370093,0,20.72802141188753,4.130404648596926,-36.556251658945506,1.3391826726103107,0.6635204102234956,0,sampled
SAMP-NEG-063,0.20422041064866375,0.0,2,52.07289137965739,4.385634190478688,0.9657316082436083,0.5437223914161586,0.17253068251097783,0,sampled
SAMP-NEG-064,0.19470932757904777,5.152508883933518,1,27.00417810925311,6.711257169216829,2.881142337729152,2.063028219710435,0.5398364795217085,0,sampled
SAMP-NEG-065,0.25848689171534145,3.4869484832719326,1,24.07559798946589,3.984835591539509,44.112703197346974,0.42334928132146143,0.290239381683871,0,sampled
SAMP-NEG-066,0.41996057378896284,0.0,0,30.14382248568814,4.709307299066154,-59.535462998434994,1.0074584129012627,0.34551127887467875,0,sampled
SAMP-NEG-067,0.3803110052116567,5.3494235227905325,0,41.08131716539027,2.7280522845177018,41.356329879765994,0.678357932190011,0.09076410158083154,0,sampled
SAMP-NEG-068,0.07135155473381956,9.027973206045084,1,31.131308404297528,6.366836948723641,-17.7239989585901,1.5843023753054695,0.3600242800266046,1,sampled
SAMP-NEG-069,0.3064761237593578,9.899697053132043,0,46.88960606843662,1.9039229693949444,23.52899042507652,0.5556652111744045,0.5683350503833098,1,sampled
SAMP-NEG-070,0.501728047624428,4.6334555933111385,1,32.194344703499,0.0,86.14614244236539,1.32538905028581,0.6029506248638027,1,sampled
SAMP-NEG-071,0.42554678455618555,3.609267655690221,1,31.822041426284528,1.3105107265465392,76.1542583597757,0.126442882399046,0.4403410545715861,0,sampled
SAMP-NEG-072,0.21451437562418463,6.211708237891258,2,38.45114095358966,3.6680241987224678,79.0328787375102,1.2991461657267918,0.2198448076954081,0,sampled
SAMP-NEG-073,0.2205462177883877,3.589679469642253,0,17.047669589850955,1.7163536919393574,17.12996640717844,1.461844300892332,0.5616742367701614,0,sampled
SAMP-NEG-074,0.08552175422673826,10.669745753934098,2,35.937655618768005,6.160552223444491,15.160667107642212,0.5719199069492771,0.5011846369215386,0,sampled
SAMP-NEG-075,0.26261174713131336,14.591411309800112,0,39.62712913492505,5.09435561798142,91.02663829594617,1.854924258070769,0.33884882566233143,0,sampled
SAMP-NEG-076,0.0640140683470604,6.4738496784901205,0,38.468748268523626,3.1218809956332407,4.421692199696974,0.22862544939259588,0.6185001704142472,0,sampled
SAMP-NEG-077,0.029589211072217025,8.553047454909073,0,8.0,4.028913502419977,34.622123004470566,0.8798589688581875,0.4700798737369023,0,sampled
SAMP-NEG-078,0.1496273685885927,2.7204945239695193,1,40.051482166267704,4.005694889272197,-6.7579762658838405,1.4928946563809415,0.5639280283947237,0,sampled
SAMP-NEG-079,0.06312144980763656,10.987210782581695,1,31.091319857156076,2.6196244087263265,-11.12133504293012,1.3231739377197302,0.02,0,sampled
SAMP-NEG-080,0.08621360899195568,1.468892168079388,1,13.756762160519443,4.593057847493172,101.92650874013312,1.0083956288479343,0.6018799112640147,0,sampled
SAMP-NEG-081,0.1956662494865228,0.0,0,25.06703162423751,5.841094351159237,54.29313185679706,1.381877715217763,0.3274381919322605,0,sampled
SAMP-NEG-082,0.24032854818632804,7.01251819349898,1,35.730040800783115,2.9234127003995036,-37.54682273864246,1.2912610552894896,0.3721493512579623,0,sampled
SAMP-NEG-083,0.1527168729043556,8.407337022612648,0,36.57153906394777,5.910362836669837,53.20193000764369,1.5493246187759955,0.23597615110140274,0,sampled
SAMP-NEG-084,0.12335100712583515,11.774376958427373,1,43.82631979087685,1.688748793524769,96.98098388920117,1.966709273882998,0.44399647223275507,1,sampled
SAMP-NEG-085,0.06818940556824026,3.7653060760178425,0,22.659970243347658,9.314785411467643,131.48797165509836,0.7613504730835025,0.11026933988206686,1,sampled
SAMP-NEG-086,0.15309203061410184,0.0,1,27.16052376807391,9.217891576602923,119.30750529201441,1.066864164668134,0.1844899126417744,1,sampled
SAMP-NEG-087,0.38116504982178917,7.143848300331827,0,51.41265481025677,1.4616172821920355,-4.5990538057973716,1.4415106742621395,0.7087607112242786,0,sampled
SAMP-NEG-088,0.6146540933150413,0.0,0,38.46712141485664,0.0,-60.0,2.199824258480614,0.07261512465617698,0,sampled
SAMP-NEG-089,0.18588173331320937,8.268943966574088,1,32.47492469185799,3.5277360718007524,30.893597565832778,1.6630796414783175,0.24945468119251363,1,sampled
SAMP-NEG-090,0.1303656655564067,8.283748612945587,1,21.254807763068413,2.8495342786839037,143.07049224803998,2.1381524964519527,0.02,0,sampled
SAMP-NEG-091,0.046647618093851866,6.428130794198614,0,23.32706859987579,0.0,180.64643345285316,0.8334924345542125,0.5085900874981625,0,sampled
SAMP-NEG-092,0.21153566982862226,0.7998840274563417,1,29.735799335338513,6.543558045025511,117.27603603469635,0.6802019788684318,0.3896939564991657,0,sampled
SAMP-NEG-093,0.33987069237516326,3.2146570171792517,1,18.985097330020423,2.260942871119334,81.41416641592473,1.3918430234087595,0.5271410662466514,0,sampled
SAMP-NEG-094,0.8341449319208906,1.670866544328482,1,27.61793213197022,1.2720688660028174,-12.784125272018919,1.0222926368108334,0.6418170423402185,0,sampled
SAMP-NEG-095,0.3359071776388834,11.52214841470532,1,48.26623214434274,4.917757289984093,14.451574915780547,1.3935421555793923,0.6817457735271673,0,sampled
SAMP-NEG-096,0.19901047530663207,6.406864540823142,0,19.17470248078356,6.329396630060286,-15.209636195165608,0.035460440162874196,0.21148356805095814,0,sampled
SAMP-NEG-097,0.2274311900810921,2.9104148845424045,0,20.758027935617804,10.3327206544713,-56.98393137193305,1.664383156750155,0.04659175906702823,0,sampled
SAMP-NEG-098,0.1316493645206429,6.730033136340125,0,31.525888612786673,4.349340614115252,90.20754327657289,1.2999730708112283,0.8277521955399219,0,sampled
SAMP-NEG-099,0.2048118711382257,9.988261215243499,0,52.774274929238686,7.203793320656977,-52.60234357606362,1.0270669098533345,0.18000255696446774,1,sampled
SAMP-NEG-100,0.10176877917036012,3.72358898739778,0,37.55141698634522,0.0,-5.567439680091393,2.1552388924909995,0.2973468739052892,0,sampled
SAMP-NEG-101,0.4252534472126876,12.823693449147346,1,30.901063187612884,3.736599400872434,-7.138553258380114,1.0301537086564965,0.45716802196408624,0,sampled
SAMP-NEG-102,0.07259785308201688,14.43341448394156,1,25.500095693597977,4.064320793574762,16.753465268881477,2.8660905280713336,0.5628419419144588,0,sampled
SAMP-NEG-103,0.33146001892089144,11.88805554643459,0,30.735701047359587,4.181099000114279,-60.0,2.082274512732204,0.02,0,sampled
SAMP-NEG-104,0.1214762228231584,8.63155067647227,0,27.822862703592783,0.0,53.2400081231966,-0.2,0.4962584592210096,0,sampled
SAMP-NEG-105,0.05291397099132132,6.679841938272585,1,27.79489009487787,5.140716790269674,27.7553140748352,2.263745760754024,0.42698191741565744,1,sampled
SAMP-NEG-106,0.47405539958917847,2.0518303482977704,1,33.158306472255724,5.505487941647441,32.674552755543566,1.315496429098753,0.29433340037939804,0,sampled
SAMP-NEG-107,0.11279586048322736,3.7513257779183142,0,28.883120965872564,0.0,172.96369487181371,2.1589529518525152,0.2202278932286376,0,sampled
SAMP-NEG-108,0.23476290741745817,0.31808646604761126,1,23.07655655307994,2.1743218309924375,-60.0,1.8847995867583283,0.7761104603020621,1,sampled
SAMP-NEG-109,0.23517734983560423,0.0,2,41.455475711925644,2.6232307638402212,54.043398877597234,1.753487370295028,0.6764644870663532,0,sampled
SAMP-NEG-110,0.1898550921281232,0.8645139372307176,0,45.91341590173152,0.0,-23.53585174087432,0.8590999153533057,0.14477871365633332,0,sampled
SAMP-NEG-111,0.21244907883421899,9.51031468131438,2,44.11489628285419,3.4956439375320114,133.4633455353299,2.3178842061605733,0.21531523738440547,0,sampled
SAMP-NEG-112,0.24125923284242162,11.767209917281228,0,37.56613738707719,0.0,60.61281473982997,1.4377718218579736,0.4302932796005252,0,sampled
SAMP-NEG-113,0.06024666404147206,9.519003356893112,0,24.4049172408087,5.171350665801331,-53.94099518713486,-0.2,0.48558385564152545,1,sampled
SAMP-NEG-114,0.31784418387481866,11.076200284923178,2,38.692596615150926,0.43582309988980583,11.658270852318067,0.9550266511008146,0.38115687982474233,0,sampled
SAMP-NEG-115,0.015182423747788255,1.4166664945890401,2,34.86474125648524,0.7999707642832279,0.22273944938576662,1.167137849119617,0.40998969534187724,0,sampled
SAMP-NEG-116,0.41459195206810756,21.74987554038991,0,57.08682093372143,5.266787361747948,22.026883470416987,1.0569490432743978,0.1402184927219541,0,sampled
SAMP-NEG-117,0.12395180555443533,6.352090926729352,1,14.70391297343151,2.245243164395578,-60.0,1.0113389484934738,0.2845876794755102,0,sampled
SAMP-NEG-118,0.07899513346553201,12.09007071348066,0,24.5517531130182,2.426392705582089,59.83115005995476,1.200468279757937,0.1426404270725723,0,sampled
SAMP-NEG-119,0.15516101916835387,1.894598927868536,1,19.754718181624693,5.409128797504636,-16.15814583354232,1.5195518995945863,0.2933430476323558,0,sampled
SAMP-NEG-120,0.1402172216331093,4.443352683244081,0,39.20279140457846,6.021504441782362,-60.0,1.0980109911095568,0.2884139288435318,0,sampled
SAMP-NEG-121,0.08567602122115073,0.0,2,30.899162873832484,6.506257484911702,3.515787177613987,1.0195362988914403,0.029042824628974617,0,sampled
SAMP-NEG-122,0.35246375889948456,0.0,0,21.97692639739506,2.8230530434866554,1.7883767991165662,2.1089336865415436,0.17982350223420193,0,sampled
SAMP-NEG-123,1.6815501238193797,0.0,0,26.869143769917564,4.6231630048629615,82.44405522510318,0.3043649347515681,0.3055978534436969,0,sampled
SAMP-NEG-124,0.23067477971765835,2.8962733085221597,0,27.702393039645756,4.495710532352934,85.35195277628628,2.173311543653012,0.2909607355209781,0,sampled
SAMP-NEG-125,0.09349339021654574,8.994516986339233,1,43.26710927934698,6.554253119941975,99.50720867235974,1.3575689923501697,0.6687918351955727,0,sampled
SAMP-NEG-126,0.15747702013891507,10.131329677120519,1,16.952008139374186,0.6364085611786674,65.2686375254812,1.015507769848117,0.4896206506725631,0,sampled
SAMP-NEG-127,0.21338404743758072,10.341390245212189,0,32.107389956043484,4.817823946931644,70.84196061593494,1.4797469294936747,0.3424097578214065,0,sampled
SAMP-NEG-128,0.28214239023360516,1.374848825591025,1,22.148125558611664,2.42129653480859,22.87119185128678,2.3675164709512218,0.2664579731989408,0,sampled
SAMP-NEG-129,0.18593384937387053,0.0,0,19.867717650736413,0.21794899476349183,53.61877016576336,2.082427807593134,0.7137262040157042,0,sampled
SAMP-NEG-130,0.17192033782163785,8.135908627211135,1,11.544301786440144,0.0,35.421094160308755,1.1724874828068115,0.5420759722567807,0,sampled
SAMP-NEG-131,0.09659627873440385,14.983064589900456,0,37.628748346248436,3.624852433372195,-21.7792788951975,0.6255571790342912,0.1282331193652695,0,sampled
SAMP-NEG-132,0.06420886346865204,1.5158341520262288,1,33.83797507145826,9.566934719371247,-60.0,1.6046226542647326,0.504031508448893,0,sampled
SAMP-NEG-133,0.7023825468603732,9.265642712693918,0,30.939941839807066,3.203028807468785,-10.119958475086541,0.548311570290366,0.1978382462779585,0,sampled
SAMP-NEG-134,0.18298999557584977,10.677215772252492,0,29.62919683770515,1.5539660046803725,52.336195417050725,0.5625199939849,0.22504123875110646,0,sampled
SAMP-NEG-135,0.35754535630839535,1.9233252771618234,0,24.913100356586803,0.4222927689657783,80.04562292741932,0.5759701672133752,0.24382758612470506,0,sampled
SAMP-NEG-136,0.12125961572762002,8.483501093714201,1,37.97008414503814,0.0,42.59054434292328,0.8940691503831408,0.09333315449895319,0,sampled
SAMP-NEG-137,0.3296352481900071,7.870711298026874,1,32.407739328771044,0.0,51.85370904303991,1.5305670285349282,0.29783130917001044,0,sampled
SAMP-NEG-138,0.1078590795923915,4.588564597532322,2,33.20343683416874,1.6395908100606853,43.93788829444463,0.3787420512345505,0.46919397874638064,0,sampled
SAMP-NEG-139,0.133564870152652,0.0,0,20.11940224903949,4.33299195472069,30.317725786806086,1.32084611686053,0.40093871339316145,0,sampled
SAMP-NEG-140,0.5054689584416077,7.910641116470468,0,17.978606602214743,0.0,48.01575595480175,1.9189362464026627,0.36672859876142533,0,sampled
SAMP-NEG-141,3.0,5.265721487497431,1,32.81144535574435,1.996020141003972,55.883352922207024,1.0573867063945772,0.7208453509243118,0,sampled
SAMP-NEG-142,0.680367449381991,8.607309922812473,0,25.941758085985736,5.325239393991019,21.022022182128357,1.8770967373180159,0.24399140176457318,0,sampled
SAMP-NEG-143,0.1939930127289999,0.5255525685752289,0,34.399787524501136,2.015208580729965,112.15356272729676,1.41197528840297,0.3361187791130536,0,sampled
SAMP-NEG-144,0.10975491281479151,9.256622829816234,1,39.724124651711506,7.867535730411889,-2.9687447657805315,1.2782771987134456,0.5635336634191419,0,sampled
SAMP-NEG-145,0.1524995347885599,8.8922203385224,2,26.55047694195025,4.143685890232852,-1.1020802785983577,0.497731853616624,0.30078021027933954,0,sampled
SAMP-NEG-146,0.47282076042968196,0.0,0,44.18907373290696,2.824197045061573,47.94761514868922,1.6627892982021337,0.377060813202597,0,sampled
SAMP-NEG-147,0.8577085333960626,3.2099081762720356,0,35.668842274539635,0.0,-44.530949906640004,0.8869293176855594,0.6111439211943166,0,sampled
SAMP-NEG-148,0.5499225442125223,6.995179241198966,2,34.94287476739988,1.321288903453894,-29.278761902486103,1.224791371342983,0.27667630820759964,0,sampled
SAMP-NEG-149,0.2666520673950183,7.833621922368378,0,40.41358990911573,4.59815033071487,13.002081902942175,1.717633202482731,0.4650317959432647,0,sampled
SAMP-NEG-150,0.3384914306987176,0.0,1,33.4939586061316,2.1473863670145272,-14.022796119161264,0.6877147079246851,0.09889655634608796,0,sampled
SAMP-NEG-151,0.4850954960614498,10.928499052250654,0,32.63920866850668,7.6394273204969885,6.0598766702715405,0.9521558003595101,0.5808347072902189,0,sampled
SAMP-NEG-152,0.5410327158646554,6.563835266633523,1,58.2916699560956,8.738059105559445,26.964418222509497,0.8548098734469094,0.2545335951601787,0,sampled
SAMP-NEG-153,0.23583647177809386,10.75174735656419,1,34.00810901073209,0.0,98.60955914036003,2.0453773049345845,0.5338224673290295,0,sampled
SAMP-NEG-154,0.36519523393264164,4.937517852155246,1,23.041325759149558,5.3944154904283685,50.55864493295334,1.5158959100729457,0.02,0,sampled
SAMP-NEG-155,0.3190859324271475,16.26063630401681,0,40.6132800778669,2.4519928253123995,-28.05194140982615,1.247893421447978,0.16467850278815652,0,sampled
SAMP-NEG-156,0.2669065400726145,1.1690363958020544,2,12.58283194135215,7.941827487873432,40.669425369025724,1.1739117237600512,0.34616410490740934,0,sampled
SAMP-NEG-157,0.08530865099980374,8.414652532802139,1,19.12647086319473,2.0140019196061516,12.701528658070293,1.2467563327579305,0.5252947155817458,0,sampled
SAMP-NEG-158,1.5681252005518278,7.088759281800765,0,36.928219832816836,5.90769701784504,-13.622825341083065,1.512828217077617,0.35224260007053604,0,sampled
SAMP-NEG-159,1.8256992272727801,7.31133808746782,0,27.240307662279214,2.140392677176487,14.229482351106519,0.9592262502500591,0.14914237401520328,0,sampled
SAMP-NEG-160,0.6725732329184191,16.075883690112605,0,45.423493971129226,0.0,31.763101085603115,1.6970056498408144,0.48786027893719186,0,sampled
SAMP-NEG-161,1.2232647351010566,6.061123161469135,1,23.525817479507516,0.0,-8.867784874711553,1.7568002570913142,0.3326940984404838,0,sampled
SAMP-NEG-162,0.5066047478928927,6.632155306691185,0,34.637289254459596,2.9458289033553666,44.390440871638106,0.7902683264050289,0.7548259150359953,0,sampled
SAMP-NEG-163,0.11077083551872342,8.028152476599011,1,23.053552162528852,4.210788827370695,-18.978655910147594,2.397352519081644,0.5640020768345334,0,sampled
SAMP-NEG-164,0.5158157445458973,8.267541873852473,2,15.980217055172941,2.5935326813372956,106.62328146616622,0.3081811887559114,0.04237595377873843,0,sampled
SAMP-NEG-165,0.4024482370131386,10.456248045919157,2,27.613929285585098,3.9686685488294664,-41.51550208443902,0.33126334567009375,0.3705412267378044,0,sampled
SAMP-NEG-166,3.0,5.23233382633651,1,34.530839037690235,8.439472422247373,-26.14846000022304,1.5436382050559556,0.5700699086904996,0,sampled
SAMP-NEG-167,0.1934700854714061,3.1683458156123527,1,33.38172445036966,1.1848616658578925,-60.0,1.6467368155877127,0.29924209868911267,0,sampled
SAMP-NEG-168,0.155250951271438,9.867186622947758,0,24.652571519674947,6.302494754124734,60.04034519575247,0.49659840204546024,0.3108944828793506,0,sampled
SAMP-NEG-169,0.3918716510007125,1.1563435195333582,2,17.43245747500848,1.9940902048149949,48.06931623628837,1.7493286065920448,0.49787403925258844,0,sampled
SAMP-NEG-170,0.15165117490013297,2.773699508929946,0,23.664844759573285,3.8410084436984975,29.49651627237902,1.4730940470377425,0.4276650985880559,0,sampled
SAMP-NEG-171,0.25399567146188406,4.8509408676458445,1,33.46423385775353,0.7714790069802184,-59.09474131991335,2.376433237974447,0.43970815683436326,0,sampled
SAMP-NEG-172,1.5329359807610654,12.915017015149154,1,40.908098343881775,3.152399538171734,10.597761663599455,1.2591884587853088,0.07201172082086454,0,sampled
SAMP-NEG-173,0.11402377743881638,0.5231906577673113,2,46.12471810328163,5.068243628622338,1.2519512850281629,1.6693985237372015,0.02,0,sampled
SAMP-NEG-174,0.07214571373357441,0.0,0,35.90300687581927,0.9810672595383574,-60.0,1.9793764628093546,0.2379916658060792,0,sampled
SAMP-NEG-175,1.747758867111485,12.27423992059429,2,41.10602537756509,0.1590372470474648,-7.1845497621129795,1.3342486336237764,0.4345295461657852,0,sampled
SAMP-NEG-176,0.3771119374253876,1.2523284986432932,0,38.601423816024386,6.911481680008747,-10.962687682465784,1.3914257543009034,0.3197465823380676,0,sampled
SAMP-NEG-177,1.5509579424683215,14.460511152161377,1,26.3822428059201,7.508341445134443,-14.0256624079638,1.1182625237240638,0.24172149886068073,0,sampled
SAMP-NEG-178,0.2433248778544614,0.5709624718531874,1,52.50413724340419,4.32756270975987,63.36130074858601,1.7808098479388588,0.3142334053064491,1,sampled
SAMP-NEG-179,0.048676386774064655,10.915334393567045,2,18.123309477893493,11.549562242960956,-34.26339086929244,2.4364893882557888,0.3682641866543531,0,sampled
SAMP-NEG-180,0.12776900635777072,16.072674699632813,0,28.741193487939576,7.547345086878321,10.563420929278713,2.1875572552647617,0.6701349030022289,0,sampled
SAMP-NEG-181,0.12815140252891316,9.518504830020516,0,34.093260627039925,5.239080210659753,6.213648162335117,2.6314716547255745,0.02,0,sampled
SAMP-NEG-182,2.1372731946759242,0.7946945483519716,0,38.084481501663504,5.867543073354636,-41.324258075423316,0.2726856902023953,0.1465620297754461,0,sampled
SAMP-NEG-183,0.3156729247501129,4.082971108694908,1,44.30055501493743,0.0,113.72093556050221,0.2723470881448573,0.14203524722750682,0,sampled
SAMP-NEG-184,0.5291977814245394,4.565645643388016,0,39.37631760809089,0.7421184090141515,65.8231908259088,1.3497745888056771,0.6420382037589035,1,sampled
SAMP-NEG-185,1.264673918429636,9.203737363835641,1,35.82799950329378,8.911842954166252,8.441249027341618,1.5080420958500897,0.5868988149021888,0,sampled
SAMP-NEG-186,1.4298818514703764,15.111671383789501,0,25.967107403480505,0.5984210335077522,103.51868661254417,1.0189927457871322,0.570804627842216,0,sampled
SAMP-NEG-187,0.41013528521371156,10.901309946171608,0,10.619113198080754,1.8585152796067779,-0.34158521957301957,2.7405894723360085,0.24094380380267863,0,sampled
SAMP-NEG-188,1.1345987404110436,4.080282997961214,0,17.337440031933355,1.6886164375242716,-19.31266284725212,2.608702747820636,0.5699458695404449,0,sampled
SAMP-NEG-189,1.19065935810257,1.1290086063790277,1,21.980600134552922,0.6544994796270811,15.186024648413191,0.6625376619893654,0.4846607331934383,0,sampled
SAMP-NEG-190,0.15136312716435252,5.643099304547806,1,41.05669209668424,1.1037028000479983,57.531480436861614,0.9951398247299674,0.273942863879166,0,sampled
SAMP-NEG-191,0.8810913174332569,6.443455172299547,1,40.532710683876346,3.675416743154048,34.1228475646538,1.0891363553246554,0.5070642132432964,0,sampled
SAMP-NEG-192,0.08830233678683791,3.4295756744621664,0,36.793276179624804,1.65204654859692,-32.37885349914262,1.7408499233291974,0.5394064230273132,0,sampled
SAMP-NEG-193,0.13276849116876993,2.925843124797498,0,26.043694200038786,2.268177833728844,3.136771155725299,2.12147932041636,0.7880989075692824,0,sampled
SAMP-NEG-194,0.27557246049642337,5.9191442469354385,1,22.82907587440491,0.008140747114301128,-42.56795963354915,1.393799760083643,0.4445713324034833,0,sampled
SAMP-NEG-195,0.5934966665765781,7.135786578713185,1,36.881472817641054,7.340875596728456,-12.871745055091445,1.164992139659803,0.11695187827660744,0,sampled
SAMP-NEG-196,0.14533506388242348,8.19101032458478,0,27.714552557577992,7.910873279496787,-37.57000803750939,0.9827470163006253,0.5789806340747174,0,sampled
SAMP-NEG-197,0.26769815094238264,15.071662753284217,1,16.764662987243902,1.2371246410154648,116.83558753389721,1.9065232449857081,0.5950196139786651,0,sampled
SAMP-NEG-198,1.2809250119733142,2.16770034625368,0,37.87468916698944,1.0170909313109178,115.92407563537704,1.1553249456873633,0.7075744859014196,0,sampled
SAMP-NEG-199,0.8138528046877219,0.022787873864700714,0,38.65410990440571,7.08605306940658,21.340745350722642,1.0643371144763556,0.234994580951986,0,sampled
SAMP-NEG-200,0.11824188362569032,0.0,1,47.70924680828753,6.194218050752308,-60.0,0.20177490590040237,0.02,0,sampled
SAMP-NEG-201,0.08237026347579932,0.0,2,31.22773220319365,5.08035829320989,-20.331767926732887,-0.2,0.3798921734628168,1,sampled
SAMP-NEG-202,0.6851327371548608,13.146045653292806,2,44.108344637820295,3.048491398012682,32.489127251443975,2.5849937754308527,0.5322056346305508,0,sampled
SAMP-NEG-203,0.13226101137561933,9.291890260315157,0,31.137994612764597,4.278767940542777,25.89891996781092,1.4469364555882527,0.21217961740478142,0,sampled
SAMP-NEG-204,0.7751111606387286,0.0,0,30.99326648904484,0.58362871618978,40.035465712052485,0.9276419128518574,0.03350584928035377,0,sampled
SAMP-NEG-205,1.444835878995475,4.9412434610664,0,20.8491970889088,3.885339020410355,-12.403872273771611,0.5797216487445895,0.22519182273012756,0,sampled
SAMP-NEG-206,0.08208085292490085,0.0,0,26.79703715083953,6.999688231806095,47.55030481028585,0.738007418098003,0.22833044459185559,0,sampled
SAMP-NEG-207,0.024074481458480592,11.872866227344716,2,20.70534399243573,1.450614104115509,89.39112293574314,1.4688433575296316,0.02,0,sampled
SAMP-NEG-208,0.012098899075469021,14.020392987728222,0,35.18526497376489,8.973349524032383,115.67913096452592,1.9330787323032004,0.3047990427974048,0,sampled
SAMP-NEG-209,0.26491801430808076,8.681421757110396,2,19.10549558717777,5.723722830737895,-60.0,1.801739695476203,0.09209020812444813,0,sampled
SAMP-NEG-210,0.1769647155277679,9.010156360365249,0,31.086907259016353,1.6519219011129846,-10.034403500953161,2.000067477266607,0.5110421223297652,0,sampled
SAMP-NEG-211,0.23900312685088107,8.178639501979472,1,55.697675639243606,4.02950962934202,7.682083990482882,1.5117091076914202,0.5670778642829286,0,sampled
SAMP-NEG-212,0.2507083108778919,6.861859855677063,0,39.98611184959264,3.745920770410288,71.5115638276379,0.5314988715874611,0.15678909120411672,0,sampled
SAMP-NEG-213,0.06148279177291508,0.9022553328099399,1,14.196232049276862,2.1282880702698823,-60.0,0.41756058668087737,0.7515468174675539,0,sampled
SAMP-NEG-214,0.12639384505792478,8.907700479860242,0,24.357352198304106,3.602103393871223,50.875151820507625,1.952689769418452,0.5154185872331951,0,sampled
SAMP-NEG-215,0.568044437008857,2.9491983432283124,2,49.41510129452594,7.018756076022759,43.018770970591305,0.7132487494354678,0.470446299651314,1,sampled
SAMP-NEG-216,0.1046331769264236,1.1869238071498396,1,30.67520625946741,9.010693874165744,-2.706225304775547,0.46480236241412676,0.3571062326960492,0,sampled
SAMP-NEG-217,0.08179945544011616,3.352819121732609,0,43.402803325459466,5.545179625660754,-4.815217096206133,1.5653355772209128,0.21373870169542078,0,sampled
SAMP-NEG-218,0.21133481200670987,8.2653766221682,1,22.426352943274516,5.587345269200889,-60.0,1.891826685463117,0.9128301329610529,0,sampled
SAMP-NEG-219,1.0021219176364136,7.890735287809291,0,34.29365856780156,0.0,-19.744293239534848,1.1130646684816596,0.12071065635256698,0,sampled
SAMP-NEG-220,0.5475401932333084,15.596548401965094,0,37.86429457006631,3.931829205680028,38.49003152558252,1.5938797197250245,0.6026973984572173,0,sampled
SAMP-NEG-221,0.10074360461144234,0.768963393172001,1,30.11351591764117,5.873924286414571,87.69990118475936,0.7407168168343319,0.46787042900207715,0,sampled
SAMP-NEG-222,0.21996633043531483,1.0121458704963722,0,26.68673390866463,3.924348566197903,2.7275425648664076,0.8416642945646419,0.43234656164756197,0,sampled
SAMP-NEG-223,0.2742656005874866,1.4326096090013039,0,24.1441185197177,5.659191646368472,32.018922545238595,1.1879539279880975,0.32578668233017394,1,sampled
SAMP-NEG-224,0.21704902347065858,7.760176149166058,0,29.300535887663344,4.9477624365051724,50.281133763030006,1.4091806671704044,0.3704139226335663,1,sampled
SAMP-NEG-225,0.07041279449631428,14.740393171332943,0,42.083778764965004,5.955835212528846,-50.87704830764453,1.5036663908747885,0.34846253653545467,0,sampled
SAMP-NEG-226,1.5476436727121494,11.947300436842703,0,28.24646401287124,6.08823949205555,-19.954925059754217,0.30669298266838263,0.24513950625811443,0,sampled
SAMP-NEG-227,0.06710192537048269,0.0,1,45.86676457810296,0.041312738272059946,100.47097683778034,0.04679549128988625,0.56012891687178,0,sampled
SAMP-NEG-228,1.0129593317476882,3.163015600046083,1,37.64661999715805,2.5885490963887556,29.500434538876867,0.9604698857310148,0.31830173789717353,1,sampled
SAMP-NEG-229,0.0955031809147728,4.830188088753758,1,14.74816406000171,4.600990426384447,85.0575128598725,0.42277015264699125,0.4187698636548836,0,sampled
SAMP-NEG-230,0.122542447590152,7.936687531661695,0,29.396079751741127,5.921599226448136,71.39533877697554,0.9708740120933126,0.2689681775626699,0,sampled
SAMP-NEG-231,0.8264322156474576,11.329987253555245,1,18.34212139004463,4.115730209280764,-47.19824075462189,1.2007281706427124,0.4852336270877325,0,sampled
SAMP-NEG-232,0.17643738003744644,0.7976695607909718,2,26.34144889030752,2.016912586223554,14.51899296229021,1.6210343585571085,0.02,0,sampled
SAMP-NEG-233,0.17233522369812018,3.8236979838283798,0,49.845856721308266,5.249351126350231,113.15842866322464,1.6030161246107733,0.7019449669674975,0,sampled
SAMP-NEG-234,0.8328180659443875,0.0,0,34.92421370213376,0.0,45.087638936365984,1.5926027800787157,0.07218982811704688,0,sampled
SAMP-NEG-235,0.18385237812421576,15.547059838446406,0,19.77870696667106,2.306998621219744,-28.55565071752016,0.9011494423820162,0.7049292350547618,0,sampled
SAMP-NEG-236,0.5427551018869007,5.238373182173058,1,35.005533696296595,4.539223239471476,60.53636167821747,0.3979718921959925,0.37053194747152407,0,sampled
SAMP-NEG-237,0.10687245675250744,4.719356174548615,0,30.393282085848053,0.5266939018760279,89.90726452201655,2.324870697886083,0.41042685379837857,0,sampled
SAMP-NEG-238,2.201368213581051,12.879469487015776,1,24.386997617882717,0.5514673844232716,-8.363520207345388,0.6926331711999857,0.4255305906939899,0,sampled
SAMP-NEG-239,0.09718705484758186,0.6009339873786468,1,21.97631888469117,4.984710421432885,120.88999472485993,0.3582188079530495,0.3749313265387151,1,sampled
SAMP-NEG-240,2.647219784902028,13.797521013598054,2,34.787751508705796,5.911588954645438,84.7974489413987,1.3752553132060577,0.32250939341256674,0,sampled
SAMP-NEG-241,0.08755937991051484,7.86465283680511,1,27.51368641085687,4.787124518796558,128.56970575497695,1.972721285333019,0.02,0,sampled
SAMP-NEG-242,0.10042298257403041,2.59210319815892,1,12.907882287996411,1.8459997750064205,18.433661251688992,1.8260202633029106,0.4657725404996708,0,sampled
SAMP-NEG-243,0.23472652839729038,0.0,0,26.867294466282523,5.517451629507185,-6.873570451759921,1.3519988416800843,0.5054175774764293,0,sampled
SAMP-NEG-244,0.28929246077971565,7.5810034640477735,2,18.416272353981935,4.165177526037295,0.3109412367645419,0.837845786239325,0.3608486585992642,1,sampled
SAMP-NEG-245,0.257119117162375,1.6861498587510768,0,32.07419255257951,3.503274204762747,93.22399261588237,0.6394082974180709,0.42059013314657534,0,sampled
SAMP-NEG-246,0.5102232324903742,4.326597483808702,1,26.545095846441164,0.6898308035820895,54.58540430224213,1.714877969687321,0.02,0,sampled
SAMP-NEG-247,0.16457982236076338,0.0,1,35.59347964686442,2.078584196402813,88.65625021156524,1.8930992388362902,0.18962754882791066,0,sampled
SAMP-NEG-248,0.017975689009560408,18.562967641164434,1,20.12812537668426,0.0,-35.03463025317672,0.40532158910826854,0.5037207430486883,0,sampled
SAMP-NEG-249,0.1886622351395435,3.5127379467387354,2,35.44429806216027,6.683680931164867,47.341167665920935,1.18168811001738,0.4429220038806528,0,sampled
SAMP-NEG-250,0.5568943671799015,10.169977333104308,1,30.176583313191216,4.841275521918,109.51588655813113,1.6621845755575213,0.5976056297856394,0,sampled
SAMP-NEG-251,0.25654529858466246,10.07321341290443,0,45.88481621265336,6.0546863889294755,24.255471738980226,1.3289556027035787,0.691063820542011,0,sampled
SAMP-NEG-252,0.01693970931457219,11.700621817635636,0,27.98880462785416,2.9668331254841376,4.935184095685553,1.7835935691709996,0.19616977944237945,0,sampled
SAMP-NEG-253,0.01893721152209331,11.995056477533147,1,28.78023809012482,4.915255923760023,5.525482399059506,1.4737264731005508,0.3801716697274228,0,sampled
SAMP-NEG-254,0.3948762691247127,14.807706900818811,1,32.97666539021484,3.784951602722984,-60.0,0.8725746028788313,0.13070893695244268,1,sampled
SAMP-NEG-255,0.11851422587405681,1.9347456193986146,2,33.3464143764518,6.7815957341240445,18.300013759204578,1.5292346974002833,0.29962193663925535,0,sampled
SAMP-NEG-256,0.06959603379824222,13.212493729611104,0,18.910867476471264,8.016170161429036,2.1398253717257525,0.7409709263474766,0.44120501171415066,0,sampled
SAMP-NEG-257,0.34524595346234205,6.787288707200005,0,33.52484329831723,4.545070076908085,51.32444429099937,1.3160879387089326,0.43970261621793516,0,sampled
SAMP-NEG-258,0.7767821056758439,4.709336940844601,0,24.050802828203288,2.2544968107193815,-18.83277563976084,1.9989758438713745,0.3828633644084563,0,sampled
SAMP-NEG-259,0.09797785118759,3.433059237441658,0,48.05858151978474,2.3957659404047726,50.85602535797262,1.5413862859935128,0.49050226268717606,0,sampled
SAMP-NEG-260,0.9059633157540077,3.6992019937102576,1,14.707562315690456,0.5784572421083358,97.35833509020395,0.7154470319712218,0.10912324020949848,0,sampled
SAMP-NEG-261,0.6761356430569986,2.0514058230047074,0,50.915771503988104,2.7110436898421075,64.12062124104628,1.4020512377202963,0.3911852602695098,0,sampled
SAMP-NEG-262,0.2835475639440902,0.05059779570219192,0,24.412246207156265,0.30779797470200254,45.41744670724252,1.4789881930714817,0.4479285827699392,0,sampled
SAMP-NEG-263,0.26924011038999174,0.0,1,36.9833035340163,10.939552210107351,79.50578410833671,1.1288754506422898,0.33746501351487845,0,sampled
SAMP-NEG-264,0.16682574925118507,6.16407578568204,1,29.299547544858058,9.248632912609773,94.35389299521064,1.256627245269453,0.3567113950142616,0,sampled
SAMP-NEG-265,0.346323685383802,0.0,1,41.30687763071592,9.084400904384262,59.34012670985209,1.1789512245180351,0.18711812314101475,0,sampled
SAMP-NEG-266,0.14880967855506336,2.1018023749665424,1,41.531999001295404,0.0,-21.513280224013762,1.735640689351018,0.06621713412720753,0,sampled
SAMP-NEG-267,0.2655117716639332,2.0399097493921725,1,37.94473266909195,4.831676565812649,67.74416485192059,1.9375304537102496,0.46617799375519214,1,sampled
SAMP-NEG-268,0.0772359890909159,13.757484343777499,1,51.74739325728112,0.0,78.86026387871499,0.8355227171309532,0.3357750356908801,1,sampled
SAMP-NEG-269,0.1532250353868823,5.278980624708906,0,25.562583511024954,2.732922023878624,-24.02977621493236,2.4121849957292056,0.20053987158242498,0,sampled
SAMP-NEG-270,0.08772723868692067,4.028336891126324,0,38.33521344060099,2.4784814480048176,-15.4649252311401,1.4128062484513948,0.30439186607370006,1,sampled
SAMP-NEG-271,0.65831804369923,5.403132499823158,2,33.16829969160841,3.3790967687387727,34.29312782335469,1.059116134046548,0.3675798820248004,0,sampled
SAMP-NEG-272,0.020826789956802347,6.3153906141065095,1,22.77379100927044,10.328452911590437,4.339019162915463,1.3866635681045734,0.7217549098722916,0,sampled
SAMP-NEG-273,0.23986963347660042,6.808682271384136,0,26.956165895573022,7.163367466596977,28.170556531979855,1.3206462288897978,0.3168847104630059,0,sampled
SAMP-NEG-274,0.4585568656792389,18.888825091293278,1,31.933259379593437,4.15663791057981,-20.051356161248712,2.4123234077093785,0.29988713496477737,0,sampled
SAMP-NEG-275,0.06058305878131347,5.481435835194502,1,49.949529787180666,3.160003956181348,122.44499401298569,1.0599177595080786,0.1396733004531859,1,sampled
SAMP-NEG-276,0.45245711954584383,10.43963819781861,1,40.580322332407036,5.655764425447738,29.8716776579855,2.306411673682091,0.30669312215693045,0,sampled
SAMP-NEG-277,1.3202361990233917,4.944895334718135,0,23.419650735270885,4.061096647290286,-13.449864292617107,1.6041186361025117,0.04520138049923317,0,sampled
SAMP-NEG-278,0.10282142261939152,4.457864062688651,1,35.5939356163977,5.975298421291976,-2.2359643731054035,1.3523148407104613,0.5461339047180941,0,sampled
SAMP-NEG-279,0.2096724651142073,6.030173924611922,0,39.37845022429768,3.905763778034753,73.71074324892876,1.005573050586993,0.4459312830813222,0,sampled
SAMP-NEG-280,0.7033191692839814,0.0,1,22.416735884844012,4.030804500824793,36.90358979002954,0.9564150929515454,0.28944778836711876,0,sampled
SAMP-NEG-281,0.053177906339623986,13.80771227485004,1,50.32082707045774,1.925019228887068,54.01979802887671,0.8316216451499797,0.5060478727435734,0,sampled
SAMP-NEG-282,0.02069555986878837,2.8423782229636734,1,22.160437654025795,0.0,71.35324994322437,1.8750502097649329,0.6084683430286557,0,sampled
SAMP-NEG-283,1.476430757508253,3.37157198326543,2,36.11427021646626,7.939831783104896,122.52232415645038,2.3899450111312,0.02,0,sampled
SAMP-NEG-284,0.3966726742215716,19.864447854944245,0,37.29373223561569,5.492052804914463,-60.0,1.5956261534631133,0.6891109350562805,0,sampled
SAMP-NEG-285,0.8467253028006486,13.199837096239854,1,44.601411845551844,4.554139610522652,59.778369471615804,1.5892709086838515,0.8161301642257068,0,sampled
SAMP-NEG-286,0.07301638757345637,3.098802274187429,2,13.587495155148247,5.817717371145493,-35.49342291629129,0.9171502646612306,0.4519486620335061,0,sampled
SAMP-NEG-287,0.39554956934101165,0.1394600753866877,1,24.656891407373145,1.8307383410216005,-60.0,1.289725509306875,0.10749395418588709,0,sampled
SAMP-NEG-288,0.0862558881973107,6.259006417682736,1,36.848963658900544,3.7085806544099844,-60.0,1.8775724178067084,0.32407488933995976,0,sampled
SAMP-NEG-289,0.08364301714041733,3.5285976137003234,1,33.192636006204104,2.5101075904884835,47.03262682792202,0.8371871009870545,0.3559610127834533,0,sampled
SAMP-NEG-290,0.01348740517589398,6.480849377339519,2,30.2938244595193,1.633401751091625,50.990478890602475,2.5567413255542912,0.06123666470893413,0,sampled
SAMP-NEG-291,0.4593795749980984,0.0,2,51.900450815843286,7.013898857552629,32.78904867238378,0.9418606505808953,0.4741780726040734,0,sampled
SAMP-NEG-292,0.03969954878311288,11.35811875997172,1,30.23649183997919,5.3464716093038795,47.225207650854045,0.5409841895766783,0.16977002048193582,0,sampled
SAMP-NEG-293,0.23571548116867788,0.16990835578799057,1,59.46691149817901,7.738411138066743,141.36897198445394,2.0621484000140007,0.21044478759772867,1,sampled
SAMP-NEG-294,1.0369174722823802,9.751748002050661,2,32.071275245387255,0.0,114.62359370392514,2.0767410114293625,0.4098325609778632,1,sampled
SAMP-NEG-295,0.8035666718611657,5.757858205098856,1,33.80384933192897,4.962961824108357,-50.86303034807928,1.8125849272911365,0.02,0,sampled
SAMP-NEG-296,0.09066281053484583,4.3553421434184685,1,47.18092388597439,7.975657578751573,-13.221794547993383,1.8067072155850583,0.43669934515538933,1,sampled
SAMP-NEG-297,0.074654829936179,11.245271852034747,1,31.016390418893817,4.789274458445551,57.21104777072814,1.7839381242578014,0.5324682088275536,0,sampled
SAMP-NEG-298,0.15517965091327654,10.822299934652175,0,39.362199302204104,8.72039022248313,-5.4815697196581326,1.9872927016616155,0.13599089012624135,0,sampled
SAMP-NEG-299,0.08598279328359246,11.432047203655998,1,10.285856508605871,2.579742677113803,108.32952704234556,1.287583524368644,0.39405691783307467,0,sampled
SAMP-NEG-300,0.5829083255226377,17.28986930452773,2,41.144756097789575,2.901621426919732,30.16311303323036,1.3615314442803603,0.3732422072844365,0,sampled
SAMP-NEG-301,0.2716072778443782,11.043749480330765,0,31.189161078927846,0.0,-43.401084604390604,1.1039276775291695,0.5056546655312335,0,sampled
SAMP-NEG-302,0.2226241216411962,6.168659648654224,1,28.837741130292763,2.8888238370843595,-19.98524919304659,1.3578475969501314,0.31552470230445573,0,sampled
SAMP-NEG-303,0.5240526106851454,5.497888585702717,1,41.544658452726765,0.0,44.900544393676824,1.0255706626945855,0.10264368227137582,0,sampled
SAMP-NEG-304,0.12878499853669928,3.857371402823721,0,27.360821378968907,9.241841599115942,126.91286278070835,0.6425074532660726,0.3839569081124886,0,sampled
SAMP-NEG-305,0.12180178996141461,7.090453001706232,0,40.117180258200044,5.286860185893621,-36.50985693291062,2.4082241462953564,0.6091543998692952,0,sampled
SAMP-NEG-306,0.14434723297355279,10.342363512186598,0,20.908040544530923,1.242985865757222,3.8234462031038383,0.4356731305992876,0.25581019932587556,0,sampled
SAMP-NEG-307,0.13231445385659574,0.08261549097424847,1,21.3273655381765,4.126764089443284,35.49716497876942,0.331465738970514,0.2844235947755498,0,sampled
SAMP-NEG-308,0.05787740390614157,0.0,0,40.3523794229763,7.349415733325947,-1.6029808565356554,0.8608226538403787,0.24246741499017854,0,sampled
SAMP-NEG-309,0.1950164466373637,4.011253333799802,1,23.764929032913585,1.2804869508217562,-60.0,1.1959144096964303,0.6790959710979442,0,sampled
SAMP-NEG-310,0.21520618498917995,3.7532863995094514,0,8.0,2.8294043680602354,-50.30447376786691,1.0479055044609222,0.2344918229032127,0,sampled
SAMP-NEG-311,0.11996642046677199,16.930599285603343,2,34.498295403433914,0.45182874461799694,67.28515616082726,1.1083457854391248,0.4667175267309728,0,sampled
SAMP-NEG-312,0.4954086160235458,0.0,1,31.033749153205964,3.1292388420157136,-24.514248552053203,1.3586230812465276,0.5313231373648798,1,sampled
SAMP-NEG-313,1.4546644192685383,7.456867122245438,2,39.72931563541094,3.9124367694227273,85.11762880558408,1.0431403078659383,0.5955308263689961,0,sampled
SAMP-NEG-314,0.5078748183238831,11.600590085832502,0,26.692719218822138,3.4760357027735993,6.845990668754821,1.3983919152117135,0.11976388723543033,0,sampled
SAMP-NEG-315,0.2265332055290242,0.35278452098538704,1,19.265742095293017,4.70774045171236,176.35925850728862,1.6489373542353567,0.11644750729794914,0,sampled
SAMP-NEG-316,0.06664864804662037,0.7610237088055243,1,25.080718961346307,1.7323950353442252,-14.793411851721885,0.5526394570278331,0.6528094396842711,0,sampled
SAMP-NEG-317,0.39177568400656926,0.6434137565264084,0,43.342627762657315,0.08476044786009052,-35.82485800935461,1.592255605917079,0.02,0,sampled
SAMP-NEG-318,0.6884272213842362,3.6757124067137004,0,27.935838983111083,1.4898192834381176,138.5356508309316,1.6273351526514754,0.6338956995267195,0,sampled
SAMP-NEG-319,0.3143241163002941,5.46140869683352,1,9.979501283437074,6.286533620132001,113.33072230805736,0.3486557316496238,0.18100798901194293,0,sampled
